<?xml version="1.0" encoding="utf-8" standalone="yes"?>
<?xml-stylesheet type="text/xsl" href="modx.prosilver.en.xsl"?>
<!--For security purposes, please check: http://www.phpbb.com/mods/ for the latest version of this MOD. Although MODs are checked before being allowed in the MODs Database there is no guarantee that there are no security problems within the MOD. No support will be given for MODs not found within the MODs Database which can be found at http://www.phpbb.com/mods/-->
<mod xmlns:xsi="http://www.w3.org/2001/XMLSchema-instance" xmlns="http://www.phpbb.com/mods/xml/modx-1.2.2.xsd">
	<header>
		<license>http://opensource.org/licenses/gpl-license.php GNU General Public License v2</license>
		<title lang="en-gb">Group Rank Icons</title>
		<description lang="en-gb">This mod shows the rank icon for every group a user is in, in addition to the rank icon for that user. It allows a very simple system for having users with multiple rank icons against their names.</description>
		<author-group>
			<author>
				<realname>Martin D Fraser</realname>
				<email>martin@darksnow.net</email>
				<username>darksnow.co.uk</username>
				<homepage>http://www.darksnow.net</homepage>
				<contributions />
			</author>
		</author-group>
		<mod-version>
			<major>1</major>
			<minor>0</minor>
			<revision>0</revision>
		</mod-version>
		<installation>
			<level>easy</level>
			<time>300</time>
			<target-version>
				<target-primary>3.0</target-primary>
				<target-major allow="exact">3</target-major>
				<target-minor allow="exact">0</target-minor>
			</target-version>
		</installation>
		<history>
			<entry>
				<date>2009-08-22T00:00:00+00:00</date>
				<rev-version>
					<major>0</major>
					<minor>1</minor>
					<revision>0</revision>
				</rev-version>
				<changelog lang="en-gb">
					<change>Created MODX Package.</change>
				</changelog>
			</entry>
			<entry>
				<date>2009-02-17T15:22:00+00:00</date>
				<rev-version>
					<major>0</major>
					<minor>0</minor>
					<revision>0</revision>
					<release>c</release>
				</rev-version>
				<changelog lang="en-GB">
					<change>Initial release of details to the mods forum at phpbb.com</change>
				</changelog>
			</entry>
		</history>
	</header>
	<action-group>
		<copy>
			<file from="root/includes/mods/functions_group_ranks.php" to="includes/mods/functions_group_ranks.php" />
		</copy>
		<open src="memberlist.php">
			<edit>
				<find>include($phpbb_root_path . 'includes/functions_display.' . $phpEx);
</find>
				<action type="after-add">include($phpbb_root_path . 'includes/mods/functions_group_ranks.' . $phpEx);
</action>
			</edit>
			<edit>
				<find>'GROUP_COLOR'	=> $row['group_colour'],
</find>
				<action type="after-add">				'GROUP_RANKS'=> getGroupRanksArray($row['user_id']),
</action>
			</edit>
			<edit>
				<find>'RANK_IMG_SRC'		=> $rank_img_src,

</find>
				<action type="after-add">		'GROUP_RANKS'		=> getGroupRanksArray($user_id),
</action>
			</edit>
		</open>
		<open src="viewtopic.php">
			<edit>
				<find>include($phpbb_root_path . 'includes/bbcode.' . $phpEx);
</find>
				<action type="after-add">include($phpbb_root_path . 'includes/mods/functions_group_ranks.' . $phpEx);
</action>
			</edit>
			<edit>
				<find>				'rank_image_src'	=> '',
</find>
				<action type="after-add">				'group_ranks'		=> '',
</action>
			</edit>
			<edit>
				<find>				'rank_image_src'	=> '',
</find>
				<action type="after-add">				'group_ranks'		=> getGroupRanksArray($poster_id),
</action>
			</edit>
			<edit>
				<find>		'RANK_IMG_SRC'		=> $user_cache[$poster_id]['rank_image_src'],
</find>
				<action type="after-add">		'GROUP_RANKS'		=> $user_cache[$poster_id]['group_ranks'],
</action>
			</edit>
		</open>
		<open src="styles/prosilver/template/memberlist_body.html">
			<edit>
				<find><![CDATA[<td><!-- IF memberrow.RANK_IMG --><span class="rank-img">{memberrow.RANK_IMG}</span><!-- ELSE --><span class="rank-img">{memberrow.RANK_TITLE}</span><!-- ENDIF --><!-- IF S_IN_SEARCH_POPUP and not S_SELECT_SINGLE --><input type="checkbox" name="user" value="{memberrow.USERNAME}" /> <!-- ENDIF -->{memberrow.USERNAME_FULL}<!-- IF S_SELECT_SINGLE --><br />[&nbsp;<a href="#" onclick="insert_single('{memberrow.A_USERNAME}'); return false;">{L_SELECT}</a>&nbsp;]<!-- ENDIF --></td>
]]></find>
				<inline-edit>
					<inline-find>IF memberrow.RANK_IMG</inline-find>
					<inline-action type="after-add"><![CDATA[ or memberrow.GROUP_RANKS]]></inline-action>
				</inline-edit>
				<inline-edit>
					<inline-find>{memberrow.RANK_IMG}</inline-find>
					<inline-action type="after-add">{memberrow.GROUP_RANKS}</inline-action>
				</inline-edit>
			</edit>
		</open>
				<open src="styles/prosilver/template/memberlist_view.html">
			<edit>
				<find><![CDATA[<!-- IF RANK_IMG --><dd style="text-align: center;">{RANK_IMG}</dd><!-- ENDIF -->
]]></find>
				<inline-edit>
					<inline-find>IF RANK_IMG</inline-find>
					<inline-action type="after-add"><![CDATA[ or GROUP_RANKS]]></inline-action>
				</inline-edit>
				<inline-edit>
					<inline-find>{RANK_IMG}</inline-find>
					<inline-action type="after-add">{GROUP_RANKS}</inline-action>
				</inline-edit>
			</edit>
			<edit>
				<find><![CDATA[<!-- IF RANK_IMG --><dt><!-- IF RANK_TITLE -->&nbsp;<!-- ELSE -->{L_RANK}:<!-- ENDIF --></dt> <dd>{RANK_IMG}</dd><!-- ENDIF -->
]]></find>
				<inline-edit>
					<inline-find>IF RANK_IMG</inline-find>
					<inline-action type="after-add"><![CDATA[ or GROUP_RANKS]]></inline-action>
				</inline-edit>
				<inline-edit>
					<inline-find>{RANK_IMG}</inline-find>
					<inline-action type="after-add">{GROUP_RANKS}</inline-action>
				</inline-edit>
			</edit>
		</open>
		<open src="styles/prosilver/template/viewtopic_body.html">
			<edit>
				<find><![CDATA[<!-- IF postrow.RANK_TITLE or postrow.RANK_IMG --><dd>{postrow.RANK_TITLE}<!-- IF postrow.RANK_TITLE and postrow.RANK_IMG --><br /><!-- ENDIF -->{postrow.RANK_IMG}</dd><!-- ENDIF -->
]]></find>
				<inline-edit>
					<inline-find>IF postrow.RANK_TITLE or postrow.RANK_IMG</inline-find>
					<inline-action type="after-add"><![CDATA[ or postrow.GROUP_RANKS]]></inline-action>
				</inline-edit>
				<inline-edit>
					<inline-find>{postrow.RANK_IMG}</inline-find>
					<inline-action type="after-add">{postrow.GROUP_RANKS}</inline-action>
				</inline-edit>
			</edit>
		</open>
	</action-group>
</mod>
